probe_dir_mode,probe_mode,topology,N,probe_eps,graphs,mean_score,mean_std,mean_censored
fiedler,add_to_dx,grid2d_periodic,1024,0.002,5,0.0005796369768280066,0.001486993002356772,0.13333333333333333
fiedler,add_to_dx,grid2d_periodic,1024,0.005,5,0.0015814217947741735,0.0038426198554596933,0.13333333333333333
fiedler,add_to_dx,grid2d_periodic,1024,0.01,5,0.0036392274894876397,0.008584794911208369,0.13333333333333333
fiedler,add_to_dx,grid2d_periodic,1024,0.02,5,0.01996276314625643,0.06129082539509474,0.13333333333333333
fiedler,add_to_dx,grid2d_periodic,1024,0.035,5,0.030217708633339217,0.08537784298081909,0.1
fiedler,add_to_dx,grid2d_periodic,1024,0.05,5,0.0368744773898586,0.09217893045371171,0.13333333333333333
fiedler,add_to_dx,grid2d_periodic,1024,0.07,5,0.045136969597298765,0.10078405127727244,0.16666666666666666
fiedler,add_to_dx,grid2d_periodic,1024,0.1,5,0.059202019274038495,0.11282925344979214,0.2
fiedler,add_to_dx,grid2d_periodic,1024,0.14,5,0.07989909165577354,0.13422468542963226,0.26666666666666666
fiedler,add_to_dx,grid2d_periodic,1024,0.2,5,0.0960185299462458,0.2037162402847879,0.3
fiedler,add_to_dx,grid2d_periodic,2048,0.002,5,-0.0007537087820939154,0.002164545079505836,0.23333333333333334
fiedler,add_to_dx,grid2d_periodic,2048,0.005,5,-0.0017765866640091885,0.00543844914561306,0.2
fiedler,add_to_dx,grid2d_periodic,2048,0.01,5,-0.003376080786928298,0.01039949016101108,0.2
fiedler,add_to_dx,grid2d_periodic,2048,0.02,5,-0.006246667970303726,0.01958170764775102,0.26666666666666666
fiedler,add_to_dx,grid2d_periodic,2048,0.035,5,-0.009620879567416236,0.03466002273688846,0.26666666666666666
fiedler,add_to_dx,grid2d_periodic,2048,0.05,5,-0.012613541540082932,0.04914940909109417,0.3
fiedler,add_to_dx,grid2d_periodic,2048,0.07,5,-0.01733485250107988,0.06536335323592696,0.3333333333333333
fiedler,add_to_dx,grid2d_periodic,2048,0.1,5,-0.020919315577785733,0.09716192429925255,0.3333333333333333
fiedler,add_to_dx,grid2d_periodic,2048,0.14,5,-0.02961759387878681,0.14936975148732856,0.3333333333333333
fiedler,add_to_dx,grid2d_periodic,2048,0.2,5,-0.051085515274045604,0.21988615726005517,0.36666666666666664
fiedler,add_to_dx,grid2d_periodic,4096,0.002,5,0.0005319501337430194,0.0028521878546635955,0.4666666666666667
fiedler,add_to_dx,grid2d_periodic,4096,0.005,5,0.0008568988477171633,0.004792576676103663,0.4666666666666667
fiedler,add_to_dx,grid2d_periodic,4096,0.01,5,0.0011905550439422717,0.007338332098315846,0.4666666666666667
fiedler,add_to_dx,grid2d_periodic,4096,0.02,5,0.002338030664179529,0.011391861335801483,0.4333333333333334
fiedler,add_to_dx,grid2d_periodic,4096,0.035,5,0.004745153261380177,0.019453827930763768,0.4666666666666667
fiedler,add_to_dx,grid2d_periodic,4096,0.05,5,0.005409287372854733,0.024003890038844927,0.5
fiedler,add_to_dx,grid2d_periodic,4096,0.07,5,0.006857414543181233,0.03074961751396062,0.4333333333333334
fiedler,add_to_dx,grid2d_periodic,4096,0.1,5,0.012392636068913944,0.05512938499839125,0.4666666666666667
fiedler,add_to_dx,grid2d_periodic,4096,0.14,5,0.013360007484411431,0.06824094860843812,0.4666666666666667
fiedler,add_to_dx,grid2d_periodic,4096,0.2,5,0.0169539514618532,0.08211380854542318,0.5666666666666667
fiedler,add_to_dx,rr,1024,0.002,5,3.878969421329742e-05,9.709638994527921e-06,0.7066666666666667
fiedler,add_to_dx,rr,1024,0.005,5,9.927510820797599e-05,2.3308769274823565e-05,0.7066666666666667
fiedler,add_to_dx,rr,1024,0.01,5,0.00020244905998563788,4.520651310696364e-05,0.7
fiedler,add_to_dx,rr,1024,0.02,5,0.0004141490999407785,8.765693259731354e-05,0.6933333333333332
fiedler,add_to_dx,rr,1024,0.035,5,0.0007412354472496453,0.00014960629535558026,0.6866666666666666
fiedler,add_to_dx,rr,1024,0.05,5,0.0010775526734978693,0.00021029825846519503,0.6799999999999999
fiedler,add_to_dx,rr,1024,0.07,5,0.001538338134776072,0.0002901852136317512,0.6733333333333332
fiedler,add_to_dx,rr,1024,0.1,5,0.0022525201101765927,0.00040929779140815145,0.6533333333333333
fiedler,add_to_dx,rr,1024,0.14,5,0.0032427289270310264,0.0005685891966691718,0.6399999999999999
fiedler,add_to_dx,rr,1024,0.2,5,0.0047987083044128,0.0008103145723977665,0.58
fiedler,add_to_dx,rr,2048,0.002,5,2.6852000345212807e-05,9.360608204610366e-06,0.74
fiedler,add_to_dx,rr,2048,0.005,5,6.880115412180841e-05,2.2839745928381735e-05,0.74
fiedler,add_to_dx,rr,2048,0.01,5,0.00014043197901418447,4.4834557427878166e-05,0.7333333333333333
fiedler,add_to_dx,rr,2048,0.02,5,0.00028759856958244725,8.79337462131414e-05,0.7266666666666667
fiedler,add_to_dx,rr,2048,0.035,5,0.0005152903269693311,0.00015124112932570727,0.7066666666666667
fiedler,add_to_dx,rr,2048,0.05,5,0.0007497365315703887,0.00021336925820984617,0.7066666666666667
fiedler,add_to_dx,rr,2048,0.07,5,0.0010713993771730378,0.0002948284411622266,0.7
fiedler,add_to_dx,rr,2048,0.1,5,0.0015712282011994707,0.000414888697631909,0.6866666666666666
fiedler,add_to_dx,rr,2048,0.14,5,0.0022669122279994507,0.0005722238484493635,0.6799999999999999
fiedler,add_to_dx,rr,2048,0.2,5,0.0033662758269173915,0.0008045388540738882,0.6533333333333333
fiedler,add_to_dx,rr,4096,0.002,5,1.9926066774645484e-05,5.114717319314178e-06,0.6799999999999999
fiedler,add_to_dx,rr,4096,0.005,5,5.0925331431028406e-05,1.2537978354893727e-05,0.6666666666666666
fiedler,add_to_dx,rr,4096,0.01,5,0.00010374405595301073,2.4789863763908366e-05,0.6666666666666666
fiedler,add_to_dx,rr,4096,0.02,5,0.00021202143281720404,4.938941709600404e-05,0.6533333333333333
fiedler,add_to_dx,rr,4096,0.035,5,0.00037918163999521,8.728729485427712e-05,0.6333333333333333
fiedler,add_to_dx,rr,4096,0.05,5,0.0005509549813902453,0.00012675466765766757,0.6
fiedler,add_to_dx,rr,4096,0.07,5,0.0007862537803687861,0.00018253063378614632,0.5866666666666667
fiedler,add_to_dx,rr,4096,0.1,5,0.0011512879249611654,0.0002739595762860617,0.5666666666666667
fiedler,add_to_dx,rr,4096,0.14,5,0.0016581473299959032,0.00041165276593866545,0.5333333333333333
fiedler,add_to_dx,rr,4096,0.2,5,0.0024557912238224846,0.0006467432491852992,0.5
fiedler,add_to_x,grid2d_periodic,1024,0.002,5,0.03273000300834574,0.0880021640837221,0.1
fiedler,add_to_x,grid2d_periodic,1024,0.005,5,0.059202019274038495,0.11282925344979214,0.2
fiedler,add_to_x,grid2d_periodic,1024,0.01,5,0.0960185299462458,0.2037162402847879,0.3
fiedler,add_to_x,grid2d_periodic,1024,0.02,5,0.21787111218147664,0.3155477874782954,0.4666666666666667
fiedler,add_to_x,grid2d_periodic,1024,0.035,5,0.38231203970707767,0.32380653372101614,0.5666666666666667
fiedler,add_to_x,grid2d_periodic,1024,0.05,5,0.541801646061005,0.3358736868813582,0.7
fiedler,add_to_x,grid2d_periodic,1024,0.07,5,0.7019672257755537,0.36150361679552895,0.8666666666666668
fiedler,add_to_x,grid2d_periodic,1024,0.1,5,0.798288095208365,0.3908381933642269,0.9
fiedler,add_to_x,grid2d_periodic,1024,0.14,5,0.8972310780603469,0.4251305253253932,1.0
fiedler,add_to_x,grid2d_periodic,1024,0.2,5,0.9925873489746234,0.4291879786226903,1.0
fiedler,add_to_x,grid2d_periodic,2048,0.002,5,-0.010249135530267793,0.04038433724201012,0.3
fiedler,add_to_x,grid2d_periodic,2048,0.005,5,-0.020919315577787402,0.09716192429925295,0.3333333333333333
fiedler,add_to_x,grid2d_periodic,2048,0.01,5,-0.05108551527405294,0.21988615726005173,0.36666666666666664
fiedler,add_to_x,grid2d_periodic,2048,0.02,5,-0.021146368794449002,0.2752719711064837,0.5333333333333333
fiedler,add_to_x,grid2d_periodic,2048,0.035,5,0.07750263961105466,0.30542707640786243,0.7333333333333333
fiedler,add_to_x,grid2d_periodic,2048,0.05,5,0.1991418322851254,0.31937836794951613,0.8666666666666668
fiedler,add_to_x,grid2d_periodic,2048,0.07,5,0.25155878226210465,0.3372929647955582,0.9666666666666666
fiedler,add_to_x,grid2d_periodic,2048,0.1,5,0.27519102465625733,0.3576970139893188,1.0
fiedler,add_to_x,grid2d_periodic,2048,0.14,5,0.3009508263200876,0.3677452651812258,1.0
fiedler,add_to_x,grid2d_periodic,2048,0.2,5,0.33999411524129375,0.37354763670535374,1.0
fiedler,add_to_x,grid2d_periodic,4096,0.002,5,0.004988032128689037,0.02104225009370948,0.4666666666666667
fiedler,add_to_x,grid2d_periodic,4096,0.005,5,0.012392636068913944,0.05512938499839125,0.4666666666666667
fiedler,add_to_x,grid2d_periodic,4096,0.01,5,0.0169539514618552,0.08211380854542401,0.5666666666666667
fiedler,add_to_x,grid2d_periodic,4096,0.02,5,0.03430861543863043,0.12205180793152619,0.6333333333333333
fiedler,add_to_x,grid2d_periodic,4096,0.035,5,0.0750802354250874,0.15961483135726418,0.8
fiedler,add_to_x,grid2d_periodic,4096,0.05,5,0.1224915747162609,0.1885978095461891,0.9333333333333333
fiedler,add_to_x,grid2d_periodic,4096,0.07,5,0.17772759407964717,0.22503316930122078,0.9333333333333333
fiedler,add_to_x,grid2d_periodic,4096,0.1,5,0.24243236971144863,0.24096926649795053,1.0
fiedler,add_to_x,grid2d_periodic,4096,0.14,5,0.3107285784645107,0.24296067065609397,1.0
fiedler,add_to_x,grid2d_periodic,4096,0.2,5,0.39272686338028334,0.2489353619686118,1.0
fiedler,add_to_x,rr,1024,0.002,5,0.0008523863791998241,0.00016994586033648902,0.6933333333333332
fiedler,add_to_x,rr,1024,0.005,5,0.0022525201101765927,0.00040929779140815145,0.6533333333333333
fiedler,add_to_x,rr,1024,0.01,5,0.0047987083044128,0.0008103145723977665,0.58
fiedler,add_to_x,rr,1024,0.02,5,0.010433488711632606,0.001646576852737447,0.35333333333333333
fiedler,add_to_x,rr,1024,0.035,5,0.019643338210499867,0.0029689995379938846,0.13333333333333333
fiedler,add_to_x,rr,1024,0.05,5,0.029297283324156063,0.004390812098711415,0.02
fiedler,add_to_x,rr,1024,0.07,5,0.042860551668185934,0.008393000937319966,0.0
fiedler,add_to_x,rr,1024,0.1,5,0.0620741490916014,0.008932365164234565,0.0
fiedler,add_to_x,rr,1024,0.14,5,0.08728307496065155,0.01017687299634431,0.0
fiedler,add_to_x,rr,1024,0.2,5,0.12433186750316334,0.0141346521259399,0.0
fiedler,add_to_x,rr,2048,0.002,5,0.000592740054684759,0.00017206580518012985,0.7
fiedler,add_to_x,rr,2048,0.005,5,0.0015712282011994707,0.000414888697631909,0.6866666666666666
fiedler,add_to_x,rr,2048,0.01,5,0.0033662758269173915,0.0008045388540738882,0.6533333333333333
fiedler,add_to_x,rr,2048,0.02,5,0.007415500928696514,0.0015986840666860438,0.4133333333333333
fiedler,add_to_x,rr,2048,0.035,5,0.0142191479074712,0.0030807751982801475,0.11333333333333333
fiedler,add_to_x,rr,2048,0.05,5,0.021404609177176,0.004577114024213953,0.026666666666666665
fiedler,add_to_x,rr,2048,0.07,5,0.030992297402074466,0.005537698389883042,0.006666666666666666
fiedler,add_to_x,rr,2048,0.1,5,0.04561968481050547,0.00754699119421004,0.0
fiedler,add_to_x,rr,2048,0.14,5,0.06495092942837641,0.010112983854306545,0.0
fiedler,add_to_x,rr,2048,0.2,5,0.09270083796671333,0.011913248498090733,0.0
fiedler,add_to_x,rr,4096,0.002,5,0.00043596409754078204,0.00010025698104342343,0.6266666666666667
fiedler,add_to_x,rr,4096,0.005,5,0.0011512879249611654,0.0002739595762860617,0.5666666666666667
fiedler,add_to_x,rr,4096,0.01,5,0.0024557912238224846,0.0006467432491852992,0.5
fiedler,add_to_x,rr,4096,0.02,5,0.0053573356186223196,0.0015371573608093708,0.3466666666666667
fiedler,add_to_x,rr,4096,0.035,5,0.010221829192542399,0.003105417330496873,0.12
fiedler,add_to_x,rr,4096,0.05,5,0.015243509275848666,0.0041013129210795835,0.02
fiedler,add_to_x,rr,4096,0.07,5,0.0219906742385376,0.004446462619569555,0.006666666666666666
fiedler,add_to_x,rr,4096,0.1,5,0.0326229414702804,0.005934201236899186,0.0
fiedler,add_to_x,rr,4096,0.14,5,0.04627227654427167,0.005490652800811479,0.0
fiedler,add_to_x,rr,4096,0.2,5,0.06693560094091394,0.006654701868359746,0.0
random,add_to_dx,grid2d_periodic,1024,0.002,5,-1.7438509618813503e-06,0.00018295922225472678,0.23333333333333334
random,add_to_dx,grid2d_periodic,1024,0.005,5,-3.402818073595272e-06,0.0004561042495999367,0.23333333333333334
random,add_to_dx,grid2d_periodic,1024,0.01,5,-3.472817475168509e-06,0.0009079997764889433,0.23333333333333334
random,add_to_dx,grid2d_periodic,1024,0.02,5,7.305357532791344e-06,0.0018011316824409376,0.2
random,add_to_dx,grid2d_periodic,1024,0.035,5,5.387768395387372e-05,0.003131233728267683,0.2
random,add_to_dx,grid2d_periodic,1024,0.05,5,0.00014602794584134152,0.004497323365858886,0.2
random,add_to_dx,grid2d_periodic,1024,0.07,5,0.00036003609169099463,0.006493418119810928,0.2
random,add_to_dx,grid2d_periodic,1024,0.1,5,0.0007976309122749937,0.009743892749090296,0.2
random,add_to_dx,grid2d_periodic,1024,0.14,5,0.00177586795486585,0.015302256033841144,0.16666666666666666
random,add_to_dx,grid2d_periodic,1024,0.2,5,0.007236295286112649,0.04331102161113962,0.16666666666666666
random,add_to_dx,grid2d_periodic,2048,0.002,5,4.4951272971628134e-05,0.00011477858422584719,0.3
random,add_to_dx,grid2d_periodic,2048,0.005,5,0.00011228040922872074,0.00028673009825490786,0.3
random,add_to_dx,grid2d_periodic,2048,0.01,5,0.00022433252173136966,0.0005729833279039701,0.3
random,add_to_dx,grid2d_periodic,2048,0.02,5,0.0004485968604202283,0.0011459790758985649,0.3
random,add_to_dx,grid2d_periodic,2048,0.035,5,0.0007906835021799306,0.002018265444873127,0.3
random,add_to_dx,grid2d_periodic,2048,0.05,5,0.0011401867928590424,0.002904028791810204,0.3
random,add_to_dx,grid2d_periodic,2048,0.07,5,0.001584699117900746,0.004022114050415789,0.3
random,add_to_dx,grid2d_periodic,2048,0.1,5,0.0022261533268650366,0.005651966493914141,0.36666666666666664
random,add_to_dx,grid2d_periodic,2048,0.14,5,0.00307253419485043,0.007833667072844355,0.3
random,add_to_dx,grid2d_periodic,2048,0.2,5,0.004419376115280883,0.011059910221470909,0.36666666666666664
random,add_to_dx,grid2d_periodic,4096,0.002,5,2.3347467938836505e-05,0.00022232562059808607,0.26666666666666666
random,add_to_dx,grid2d_periodic,4096,0.005,5,6.020621560548098e-05,0.0005644119392117404,0.26666666666666666
random,add_to_dx,grid2d_periodic,4096,0.01,5,0.00012978933529699552,0.001174996147572903,0.3
random,add_to_dx,grid2d_periodic,4096,0.02,5,0.00020439010161603147,0.0020550900216393412,0.3333333333333333
random,add_to_dx,grid2d_periodic,4096,0.035,5,0.00023023544617383163,0.002942822281461089,0.3333333333333333
random,add_to_dx,grid2d_periodic,4096,0.05,5,0.00021039169308071363,0.003631731364526376,0.3333333333333333
random,add_to_dx,grid2d_periodic,4096,0.07,5,0.00016909066863035773,0.0044862513907691646,0.3333333333333333
random,add_to_dx,grid2d_periodic,4096,0.1,5,7.654310284399233e-05,0.005663592609841267,0.3333333333333333
random,add_to_dx,grid2d_periodic,4096,0.14,5,-7.014345031563073e-05,0.007145461319601999,0.3
random,add_to_dx,grid2d_periodic,4096,0.2,5,-0.00039844856145533375,0.008943553997870777,0.3
random,add_to_dx,rr,1024,0.002,5,1.7460717667730465e-05,9.884726130466118e-07,0.9800000000000001
random,add_to_dx,rr,1024,0.005,5,4.45477069544324e-05,2.42550019463615e-06,0.9800000000000001
random,add_to_dx,rr,1024,0.01,5,9.045401798244694e-05,4.781403162144026e-06,0.9800000000000001
random,add_to_dx,rr,1024,0.02,5,0.00018364961149556466,9.425117620900575e-06,0.9800000000000001
random,add_to_dx,rr,1024,0.035,5,0.0003253267179363467,1.629433156189167e-05,0.9800000000000001
random,add_to_dx,rr,1024,0.05,5,0.000468418875344504,2.308778968047666e-05,0.9800000000000001
random,add_to_dx,rr,1024,0.07,5,0.0006607507887863494,3.2061283367469216e-05,0.9800000000000001
random,add_to_dx,rr,1024,0.1,5,0.0009517158222665,4.5381514811596406e-05,0.9800000000000001
random,add_to_dx,rr,1024,0.14,5,0.00134317915716366,6.292444830248409e-05,0.9733333333333334
random,add_to_dx,rr,1024,0.2,5,0.0019361636390140134,8.884330842138582e-05,0.96
random,add_to_dx,rr,2048,0.002,5,1.213702699804982e-05,7.014060965364169e-07,0.9466666666666667
random,add_to_dx,rr,2048,0.005,5,3.09807221040782e-05,1.7306381953727453e-06,0.9466666666666667
random,add_to_dx,rr,2048,0.01,5,6.292758196471627e-05,3.4251112685722515e-06,0.9466666666666667
random,add_to_dx,rr,2048,0.02,5,0.00012779855640195542,6.771869468755041e-06,0.9466666666666667
random,add_to_dx,rr,2048,0.035,5,0.0002264271595865287,1.1726716118381948e-05,0.9466666666666667
random,add_to_dx,rr,2048,0.05,5,0.00032603992342801133,1.6626458887756627e-05,0.9466666666666667
random,add_to_dx,rr,2048,0.07,5,0.0004599165353269486,2.308850843816116e-05,0.9466666666666667
random,add_to_dx,rr,2048,0.1,5,0.0006624048528265933,3.2655477781897425e-05,0.9466666666666667
random,add_to_dx,rr,2048,0.14,5,0.0009347442478218132,4.5215172444802e-05,0.9466666666666667
random,add_to_dx,rr,2048,0.2,5,0.00134709752818014,6.368725375156513e-05,0.9466666666666667
random,add_to_dx,rr,4096,0.002,5,8.466749669503533e-06,5.845595242247738e-07,0.9800000000000001
random,add_to_dx,rr,4096,0.005,5,2.1622225172517734e-05,1.450201227994679e-06,0.9800000000000001
random,add_to_dx,rr,4096,0.01,5,4.393381134734087e-05,2.8843906675236934e-06,0.9800000000000001
random,add_to_dx,rr,4096,0.02,5,8.925261305372353e-05,5.7404879970522745e-06,0.9800000000000001
random,add_to_dx,rr,4096,0.035,5,0.000158169152025002,1.0013285176388631e-05,0.9800000000000001
random,add_to_dx,rr,4096,0.05,5,0.00022778124713705868,1.4283359835822818e-05,0.9733333333333334
random,add_to_dx,rr,4096,0.07,5,0.00032134458641205866,1.9982930852504513e-05,0.9733333333333334
random,add_to_dx,rr,4096,0.1,5,0.0004628632529746453,2.855944252672445e-05,0.9733333333333334
random,add_to_dx,rr,4096,0.14,5,0.0006531930905517727,4.006373593613656e-05,0.9666666666666666
random,add_to_dx,rr,4096,0.2,5,0.0009413520758464547,5.750426184123436e-05,0.9666666666666666
random,add_to_x,grid2d_periodic,1024,0.002,5,7.880160680672513e-05,0.003579144315374936,0.2
random,add_to_x,grid2d_periodic,1024,0.005,5,0.0007976309122749937,0.009743892749090296,0.2
random,add_to_x,grid2d_periodic,1024,0.01,5,0.0072362952861159836,0.043311021611157116,0.16666666666666666
random,add_to_x,grid2d_periodic,1024,0.02,5,0.011596993934023051,0.061134481718626656,0.13333333333333333
random,add_to_x,grid2d_periodic,1024,0.035,5,0.022515790939106363,0.09043580517471808,0.2
random,add_to_x,grid2d_periodic,1024,0.05,5,0.028719409697309427,0.10838614156252686,0.2
random,add_to_x,grid2d_periodic,1024,0.07,5,0.0380774525773844,0.12872876771908423,0.23333333333333334
random,add_to_x,grid2d_periodic,1024,0.1,5,0.04141452466271927,0.14057991145995732,0.16666666666666666
random,add_to_x,grid2d_periodic,1024,0.14,5,0.06616712352361534,0.2148852204691954,0.16666666666666666
random,add_to_x,grid2d_periodic,1024,0.2,5,0.09155262273292038,0.27894154917938535,0.2
random,add_to_x,grid2d_periodic,2048,0.002,5,0.0009077036590213113,0.00231565988801904,0.3
random,add_to_x,grid2d_periodic,2048,0.005,5,0.0022261533268650366,0.005651966493914141,0.36666666666666664
random,add_to_x,grid2d_periodic,2048,0.01,5,0.004419376115277343,0.011059910221472204,0.36666666666666664
random,add_to_x,grid2d_periodic,2048,0.02,5,0.012388546498168247,0.03191065808823423,0.4
random,add_to_x,grid2d_periodic,2048,0.035,5,0.02367394505898027,0.06167188365273796,0.4666666666666667
random,add_to_x,grid2d_periodic,2048,0.05,5,0.02861372897277107,0.07955816500524712,0.3333333333333333
random,add_to_x,grid2d_periodic,2048,0.07,5,0.032709938006654164,0.09945147685032678,0.3333333333333333
random,add_to_x,grid2d_periodic,2048,0.1,5,0.037292566875713924,0.11717468958931758,0.3333333333333333
random,add_to_x,grid2d_periodic,2048,0.14,5,0.04711846230069503,0.12981016948940688,0.3333333333333333
random,add_to_x,grid2d_periodic,2048,0.2,5,0.0648807259517763,0.13841858487678368,0.36666666666666664
random,add_to_x,grid2d_periodic,4096,0.002,5,0.00022618957504711503,0.0031819342775761205,0.3333333333333333
random,add_to_x,grid2d_periodic,4096,0.005,5,7.654310284399233e-05,0.005663592609841267,0.3333333333333333
random,add_to_x,grid2d_periodic,4096,0.01,5,-0.00039844856145533375,0.008943553997870777,0.3
random,add_to_x,grid2d_periodic,4096,0.02,5,-0.00155019559230318,0.01485531709750984,0.3
random,add_to_x,grid2d_periodic,4096,0.035,5,-0.0037475057004721325,0.023692202637077837,0.3
random,add_to_x,grid2d_periodic,4096,0.05,5,-0.0054340066399739435,0.03217252973534574,0.3333333333333333
random,add_to_x,grid2d_periodic,4096,0.07,5,-0.007586399532397441,0.04082398322908096,0.3
random,add_to_x,grid2d_periodic,4096,0.1,5,-0.007995524761380416,0.05137963851796089,0.23333333333333334
random,add_to_x,grid2d_periodic,4096,0.14,5,-0.008641138446949366,0.07120696667817902,0.23333333333333334
random,add_to_x,grid2d_periodic,4096,0.2,5,-0.006839782598012501,0.10647085839035389,0.3333333333333333
random,add_to_x,rr,1024,0.002,5,0.0003728928659099293,1.8565951872901283e-05,0.9800000000000001
random,add_to_x,rr,1024,0.005,5,0.0009517158222665,4.5381514811596406e-05,0.9800000000000001
random,add_to_x,rr,1024,0.01,5,0.0019361636390140134,8.884330842138582e-05,0.96
random,add_to_x,rr,1024,0.02,5,0.003949168769075107,0.00017273368886683706,0.9400000000000001
random,add_to_x,rr,1024,0.035,5,0.007045530985953913,0.00029206620510772524,0.9333333333333333
random,add_to_x,rr,1024,0.05,5,0.01021340786376812,0.0004065479143114803,0.9333333333333333
random,add_to_x,rr,1024,0.07,5,0.014526687643537733,0.0005561264864847261,0.9266666666666667
random,add_to_x,rr,1024,0.1,5,0.021146811987156934,0.0007805801921421337,0.8866666666666667
random,add_to_x,rr,1024,0.14,5,0.030172441410280672,0.001090088270263244,0.8466666666666667
random,add_to_x,rr,1024,0.2,5,0.04397088246462973,0.001578939083950255,0.7533333333333333
random,add_to_x,rr,2048,0.002,5,0.0002595406332198593,1.3365407594806658e-05,0.9466666666666667
random,add_to_x,rr,2048,0.005,5,0.0006624048528265933,3.2655477781897425e-05,0.9466666666666667
random,add_to_x,rr,2048,0.01,5,0.00134709752818014,6.368725375156513e-05,0.9466666666666667
random,add_to_x,rr,2048,0.02,5,0.0027452757806324534,0.00012255128724431114,0.9400000000000001
random,add_to_x,rr,2048,0.035,5,0.00489140311942232,0.00020454074980020697,0.9133333333333333
random,add_to_x,rr,2048,0.05,5,0.0070829791542007334,0.0002804092961761482,0.8933333333333333
random,add_to_x,rr,2048,0.07,5,0.010063271805333366,0.000374842402699053,0.9
random,add_to_x,rr,2048,0.1,5,0.014636890644894466,0.0005091526568514087,0.8933333333333333
random,add_to_x,rr,2048,0.14,5,0.020889308047327665,0.000691087050029353,0.8666666666666668
random,add_to_x,rr,2048,0.2,5,0.030510482601439272,0.0010058580682245214,0.82
random,add_to_x,rr,4096,0.002,5,0.00018130910280213065,1.1436524457836589e-05,0.9800000000000001
random,add_to_x,rr,4096,0.005,5,0.0004628632529746453,2.855944252672445e-05,0.9733333333333334
random,add_to_x,rr,4096,0.01,5,0.0009413520758464547,5.750426184123436e-05,0.9666666666666666
random,add_to_x,rr,4096,0.02,5,0.0019181819178737465,0.00011792771632542569,0.96
random,add_to_x,rr,4096,0.035,5,0.0034173665859739467,0.00021842613095387873,0.96
random,add_to_x,rr,4096,0.05,5,0.004949542843483354,0.00033858311932122477,0.9533333333333334
random,add_to_x,rr,4096,0.07,5,0.007041448177046633,0.0005611038879219145,0.9533333333333334
random,add_to_x,rr,4096,0.1,5,0.010367858275935353,0.0015532268112625656,0.9466666666666667
random,add_to_x,rr,4096,0.14,5,0.014487251863173867,0.0005778718196558409,0.9333333333333333
random,add_to_x,rr,4096,0.2,5,0.0210974111362294,0.0005305982109583843,0.9066666666666666
smooth,add_to_dx,grid2d_periodic,1024,0.002,5,0.00032900039631204403,0.0013843506802352463,0.23333333333333334
smooth,add_to_dx,grid2d_periodic,1024,0.005,5,0.0009286652629122247,0.0035945638606933164,0.23333333333333334
smooth,add_to_dx,grid2d_periodic,1024,0.01,5,0.0021504612309687574,0.007656373933917779,0.23333333333333334
smooth,add_to_dx,grid2d_periodic,1024,0.02,5,0.005528117403670287,0.01864552315143886,0.26666666666666666
smooth,add_to_dx,grid2d_periodic,1024,0.035,5,0.015661205607376702,0.055876510091369846,0.3
smooth,add_to_dx,grid2d_periodic,1024,0.05,5,0.02447068686350428,0.08041385228659483,0.3333333333333333
smooth,add_to_dx,grid2d_periodic,1024,0.07,5,0.03156772639088316,0.1029869174366729,0.36666666666666664
smooth,add_to_dx,grid2d_periodic,1024,0.1,5,0.03836402855613635,0.11720265200520663,0.36666666666666664
smooth,add_to_dx,grid2d_periodic,1024,0.14,5,0.0483511414697966,0.14020505881782588,0.3333333333333333
smooth,add_to_dx,grid2d_periodic,1024,0.2,5,0.07634906834304767,0.18299354485898367,0.26666666666666666
smooth,add_to_dx,grid2d_periodic,2048,0.002,5,0.0004714206451826309,0.0015010351380874993,0.26666666666666666
smooth,add_to_dx,grid2d_periodic,2048,0.005,5,0.0012117469997019634,0.003793905217636762,0.26666666666666666
smooth,add_to_dx,grid2d_periodic,2048,0.01,5,0.0024908144525802264,0.007717860981056088,0.3333333333333333
smooth,add_to_dx,grid2d_periodic,2048,0.02,5,0.008290310023564186,0.02705886388561058,0.4
smooth,add_to_dx,grid2d_periodic,2048,0.035,5,0.01435340431653696,0.05060757926796623,0.36666666666666664
smooth,add_to_dx,grid2d_periodic,2048,0.05,5,0.019226289486998203,0.06603772623811346,0.4
smooth,add_to_dx,grid2d_periodic,2048,0.07,5,0.0243748808641446,0.07914600443232263,0.4
smooth,add_to_dx,grid2d_periodic,2048,0.1,5,0.03065116319268444,0.09540899090544121,0.4333333333333334
smooth,add_to_dx,grid2d_periodic,2048,0.14,5,0.03476434444994733,0.11011725664719658,0.4
smooth,add_to_dx,grid2d_periodic,2048,0.2,5,0.04068078579877422,0.1296761417284792,0.4333333333333334
smooth,add_to_dx,grid2d_periodic,4096,0.002,5,0.00018580687417644266,0.001892630664771023,0.36666666666666664
smooth,add_to_dx,grid2d_periodic,4096,0.005,5,0.00020349787071369396,0.0034333688864695384,0.36666666666666664
smooth,add_to_dx,grid2d_periodic,4096,0.01,5,8.684216338038286e-05,0.005343715502951025,0.36666666666666664
smooth,add_to_dx,grid2d_periodic,4096,0.02,5,-0.00027752049641938673,0.008674933079682756,0.36666666666666664
smooth,add_to_dx,grid2d_periodic,4096,0.035,5,-0.0009317855004720933,0.012796162192605534,0.36666666666666664
smooth,add_to_dx,grid2d_periodic,4096,0.05,5,-0.0020078140562614834,0.01696345033206792,0.4333333333333334
smooth,add_to_dx,grid2d_periodic,4096,0.07,5,-0.003914922543291083,0.0227720203288397,0.4
smooth,add_to_dx,grid2d_periodic,4096,0.1,5,-0.005703077960599238,0.03166793571052298,0.4
smooth,add_to_dx,grid2d_periodic,4096,0.14,5,-0.008175267574157367,0.04370107496303026,0.36666666666666664
smooth,add_to_dx,grid2d_periodic,4096,0.2,5,-0.007789495576865267,0.0634297627418337,0.3333333333333333
smooth,add_to_dx,rr,1024,0.002,5,3.7759547239893614e-05,7.185775276733391e-06,0.6666666666666666
smooth,add_to_dx,rr,1024,0.005,5,9.641030181046209e-05,1.7351448322406858e-05,0.6599999999999999
smooth,add_to_dx,rr,1024,0.01,5,0.00019616687547411218,3.3772134349084234e-05,0.6599999999999999
smooth,add_to_dx,rr,1024,0.02,5,0.0004000954763134776,6.56441444035007e-05,0.6533333333333333
smooth,add_to_dx,rr,1024,0.035,5,0.000713561152116138,0.00011211851663868208,0.6399999999999999
smooth,add_to_dx,rr,1024,0.05,5,0.0010341430734404407,0.00015754984626650527,0.6133333333333333
smooth,add_to_dx,rr,1024,0.07,5,0.0014709568381097392,0.00021688456915765344,0.6133333333333333
smooth,add_to_dx,rr,1024,0.1,5,0.002144038016108873,0.00030384826227099643,0.5866666666666667
smooth,add_to_dx,rr,1024,0.14,5,0.00307088094111308,0.00041713854753936037,0.5533333333333333
smooth,add_to_dx,rr,1024,0.2,5,0.004516083678965767,0.0005845036570318098,0.52
smooth,add_to_dx,rr,2048,0.002,5,2.621256660443246e-05,6.0703337878874965e-06,0.6933333333333334
smooth,add_to_dx,rr,2048,0.005,5,6.699106054946827e-05,1.4823143807534591e-05,0.6866666666666666
smooth,add_to_dx,rr,2048,0.01,5,0.000136395896958683,2.9075494986304012e-05,0.6799999999999999
smooth,add_to_dx,rr,2048,0.02,5,0.0002783540072755301,5.6861983255438613e-05,0.6799999999999999
smooth,add_to_dx,rr,2048,0.035,5,0.000496698470286172,9.72981897239683e-05,0.6533333333333333
smooth,add_to_dx,rr,2048,0.05,5,0.0007201331306317374,0.00013653202704939986,0.6466666666666667
smooth,add_to_dx,rr,2048,0.07,5,0.0010248229768879773,0.0001872792645184853,0.6333333333333333
smooth,add_to_dx,rr,2048,0.1,5,0.0014948736002992687,0.00026040863852413505,0.5933333333333334
smooth,add_to_dx,rr,2048,0.14,5,0.0021433552502104713,0.0003534355338565136,0.5333333333333333
smooth,add_to_dx,rr,2048,0.2,5,0.0031578951056629397,0.00048595136319265486,0.5133333333333333
smooth,add_to_dx,rr,4096,0.002,5,1.8382979752659273e-05,3.7974348722980355e-06,0.74
smooth,add_to_dx,rr,4096,0.005,5,4.697895523581552e-05,9.35474753236664e-06,0.7333333333333333
smooth,add_to_dx,rr,4096,0.01,5,9.562774925053248e-05,1.8543954467260052e-05,0.7266666666666667
smooth,add_to_dx,rr,4096,0.02,5,0.0001950386770847542,3.6923084569590885e-05,0.7
smooth,add_to_dx,rr,4096,0.035,5,0.0003477040361409573,6.477945140722272e-05,0.6799999999999999
smooth,add_to_dx,rr,4096,0.05,5,0.0005036866448475177,9.32064567000604e-05,0.6599999999999999
smooth,add_to_dx,rr,4096,0.07,5,0.000716051791757806,0.00013225424108172598,0.62
smooth,add_to_dx,rr,4096,0.1,5,0.0010429223535069038,0.00019371490176356643,0.5733333333333334
smooth,add_to_dx,rr,4096,0.14,5,0.0014926235998030087,0.00028199661929873265,0.5333333333333333
smooth,add_to_dx,rr,4096,0.2,5,0.002193867452744674,0.0004294925813119116,0.4866666666666667
smooth,add_to_x,grid2d_periodic,1024,0.002,5,0.01810655011399622,0.061996263766798274,0.3
smooth,add_to_x,grid2d_periodic,1024,0.005,5,0.03836402855613968,0.11720265200521647,0.36666666666666664
smooth,add_to_x,grid2d_periodic,1024,0.01,5,0.07634906834304676,0.18299354485898403,0.26666666666666666
smooth,add_to_x,grid2d_periodic,1024,0.02,5,0.18588939278453223,0.3311606658887594,0.3333333333333333
smooth,add_to_x,grid2d_periodic,1024,0.035,5,0.3256328378734384,0.38207510859705196,0.5666666666666667
smooth,add_to_x,grid2d_periodic,1024,0.05,5,0.46742321369667594,0.3506804365205341,0.5666666666666667
smooth,add_to_x,grid2d_periodic,1024,0.07,5,0.5675178274190473,0.3606680836486246,0.6
smooth,add_to_x,grid2d_periodic,1024,0.1,5,0.6488602414425787,0.42128308359729855,0.6333333333333333
smooth,add_to_x,grid2d_periodic,1024,0.14,5,0.7407281031385343,0.43568810596004653,0.6666666666666666
smooth,add_to_x,grid2d_periodic,1024,0.2,5,0.8647781887652913,0.4593837317568486,0.7666666666666667
smooth,add_to_x,grid2d_periodic,2048,0.002,5,0.0159554910131311,0.05576046966951733,0.36666666666666664
smooth,add_to_x,grid2d_periodic,2048,0.005,5,0.03065116319268444,0.09540899090544121,0.4333333333333334
smooth,add_to_x,grid2d_periodic,2048,0.01,5,0.04068078579877422,0.1296761417284792,0.4333333333333334
smooth,add_to_x,grid2d_periodic,2048,0.02,5,0.07222643106264669,0.19273116113774189,0.5
smooth,add_to_x,grid2d_periodic,2048,0.035,5,0.11778017153750016,0.27461425337832185,0.5666666666666667
smooth,add_to_x,grid2d_periodic,2048,0.05,5,0.1730785008902789,0.3224958047195746,0.5666666666666667
smooth,add_to_x,grid2d_periodic,2048,0.07,5,0.23834454925923473,0.3349361732692312,0.6666666666666666
smooth,add_to_x,grid2d_periodic,2048,0.1,5,0.34970442736427326,0.32546337058392794,0.7333333333333333
smooth,add_to_x,grid2d_periodic,2048,0.14,5,0.4288444366909882,0.3583556805959093,0.7333333333333333
smooth,add_to_x,grid2d_periodic,2048,0.2,5,0.507805248501601,0.38488200721698984,0.7333333333333333
smooth,add_to_x,grid2d_periodic,4096,0.002,5,-0.00121204420757618,0.014168549754662571,0.4
smooth,add_to_x,grid2d_periodic,4096,0.005,5,-0.005703077960599238,0.03166793571052298,0.4
smooth,add_to_x,grid2d_periodic,4096,0.01,5,-0.007789495576866934,0.06342976274183275,0.3333333333333333
smooth,add_to_x,grid2d_periodic,4096,0.02,5,0.004098568933920934,0.10909271593644085,0.4333333333333334
smooth,add_to_x,grid2d_periodic,4096,0.035,5,0.015496133058640135,0.16215152918504788,0.4333333333333334
smooth,add_to_x,grid2d_periodic,4096,0.05,5,0.04956652962288249,0.17943786570353068,0.5333333333333333
smooth,add_to_x,grid2d_periodic,4096,0.07,5,0.0841470803264929,0.19414575741422846,0.5333333333333333
smooth,add_to_x,grid2d_periodic,4096,0.1,5,0.1350921057126239,0.21498249426491073,0.6
smooth,add_to_x,grid2d_periodic,4096,0.14,5,0.19272397582694734,0.22777077612738444,0.7
smooth,add_to_x,grid2d_periodic,4096,0.2,5,0.26704647995203196,0.24646133080900606,0.8
smooth,add_to_x,rr,1024,0.002,5,0.0008196952013535487,0.00012736180948537884,0.6133333333333333
smooth,add_to_x,rr,1024,0.005,5,0.002144038016109226,0.00030384826227040516,0.5866666666666667
smooth,add_to_x,rr,1024,0.01,5,0.004516083678965767,0.0005845036570318098,0.52
smooth,add_to_x,rr,1024,0.02,5,0.009703178772907235,0.0011493072076622364,0.3466666666666667
smooth,add_to_x,rr,1024,0.035,5,0.018159574192896467,0.002087739488189503,0.13999999999999999
smooth,add_to_x,rr,1024,0.05,5,0.027018532036559066,0.003116898476979404,0.06666666666666668
smooth,add_to_x,rr,1024,0.07,5,0.03904902868062386,0.004463384566222864,0.006666666666666666
smooth,add_to_x,rr,1024,0.1,5,0.05723214592909973,0.006647338508874233,0.0
smooth,add_to_x,rr,1024,0.14,5,0.0809722055212246,0.008369928122279555,0.0
smooth,add_to_x,rr,1024,0.2,5,0.11552142910557801,0.010250627193291381,0.0
smooth,add_to_x,rr,2048,0.002,5,0.0005706558620680847,0.00011050057454658831,0.6466666666666667
smooth,add_to_x,rr,2048,0.005,5,0.0014948736002992687,0.00026040863852413505,0.5933333333333334
smooth,add_to_x,rr,2048,0.01,5,0.0031578951056629397,0.00048595136319265486,0.5133333333333333
smooth,add_to_x,rr,2048,0.02,5,0.0068393905952707406,0.0009206580148923702,0.38
smooth,add_to_x,rr,2048,0.035,5,0.012970351859912226,0.0018498009212324835,0.15333333333333335
smooth,add_to_x,rr,2048,0.05,5,0.01955259076956393,0.0032613830315269,0.04666666666666667
smooth,add_to_x,rr,2048,0.07,5,0.02840347348714007,0.004404902815661628,0.006666666666666666
smooth,add_to_x,rr,2048,0.1,5,0.0418171928318424,0.0060966301064919156,0.0
smooth,add_to_x,rr,2048,0.14,5,0.059474308613843466,0.007688023616761383,0.0
smooth,add_to_x,rr,2048,0.2,5,0.0855647912429858,0.010469916873741353,0.0
smooth,add_to_x,rr,4096,0.002,5,0.00039935948797925884,7.41823807895948e-05,0.6733333333333333
smooth,add_to_x,rr,4096,0.005,5,0.0010429223535069038,0.00019371490176356643,0.5733333333333334
smooth,add_to_x,rr,4096,0.01,5,0.002193867452744674,0.0004294925813119116,0.4866666666666667
smooth,add_to_x,rr,4096,0.02,5,0.004727133408689893,0.0010557101992939642,0.35333333333333333
smooth,add_to_x,rr,4096,0.035,5,0.00892604722116314,0.0021511477597341423,0.17333333333333334
smooth,add_to_x,rr,4096,0.05,5,0.0133776941013178,0.0029667161825503822,0.05333333333333333
smooth,add_to_x,rr,4096,0.07,5,0.019629751352637802,0.004195019723779754,0.02
smooth,add_to_x,rr,4096,0.1,5,0.028883333021212466,0.004112592192474752,0.0
smooth,add_to_x,rr,4096,0.14,5,0.04155304354242974,0.004813498746679086,0.0
smooth,add_to_x,rr,4096,0.2,5,0.06040533129409113,0.00580219207556429,0.0
