lam_mem,cmb_k,dl_s,H0_cmb,H0_dl,H0_cmb_std,H0_dl_std,tension_pct,match
0.5,0.5,2.0,0.6040924252489553,0.734695721088759,0.006614532946787713,0.006202583745123628,21.61975392854498,13.311148587298698
0.5,0.5,3.0,0.6040924252489553,1.1020435806040167,0.006614532946787713,0.009303876222974732,82.42963072245914,74.12102538121286
0.5,0.5,4.0,0.6040924252489553,1.4693914394342877,0.006614532946787713,0.0124051691053171,143.23950740298227,134.930902061736
0.5,0.5,5.0,0.6040924252489553,1.8367392975803947,0.006614532946787713,0.015506462392875493,204.0493839702505,195.7407786290042
0.5,0.5,5.3,0.6040924252489553,1.9469436548909373,0.006614532946787713,0.01643685045826844,222.29234691836655,213.98374157712027
0.5,0.7,2.0,0.8056594790201594,0.734695721088759,0.008354047502152054,0.006202583745123628,-8.808157761354254,17.116763102600537
0.5,0.7,3.0,0.8056594790201594,1.1020435806040167,0.008354047502152054,0.009303876222974732,36.78776323023205,28.479157888985767
0.5,0.7,4.0,0.8056594790201594,1.4693914394342877,0.008354047502152054,0.0124051691053171,82.38368413679649,74.07507879555021
0.5,0.7,5.0,0.8056594790201594,1.8367392975803947,0.008354047502152054,0.015506462392875493,127.97960495844116,119.67099961719488
0.5,0.7,5.3,0.8056594790201594,1.9469436548909373,0.008354047502152054,0.01643685045826844,141.65838118839042,133.34977584714414
0.5,0.9,2.0,0.986171493191519,0.734695721088759,0.009769451352691935,0.006202583745123628,-25.500206996342595,33.808812337588876
0.5,0.9,3.0,0.986171493191519,1.1020435806040167,0.009769451352691935,0.009303876222974732,11.749689401130853,3.4410840598845702
0.5,0.9,4.0,0.986171493191519,1.4693914394342877,0.009769451352691935,0.0124051691053171,48.9995857291451,40.69098038789882
0.5,0.9,5.0,0.986171493191519,1.8367392975803947,0.009769451352691935,0.015506462392875493,86.2494819877836,77.94087664653732
0.5,0.9,5.3,0.986171493191519,1.9469436548909373,0.009769451352691935,0.01643685045826844,97.4244508518593,89.11584551061303
0.5,1.2,2.0,1.2220082166084716,0.734695721088759,0.011596459617378563,0.006202583745123628,-39.878004819982834,48.18661016122912
0.5,1.2,3.0,1.2220082166084716,1.1020435806040167,0.011596459617378563,0.009303876222974732,-9.817007314189869,18.12561265543615
0.5,1.2,4.0,1.2220082166084716,1.4693914394342877,0.011596459617378563,0.0124051691053171,20.243990135548913,11.93538479430263
0.5,1.2,5.0,1.2220082166084716,1.8367392975803947,0.011596459617378563,0.015506462392875493,50.304987529300824,41.99638218805454
0.5,1.2,5.3,1.2220082166084716,1.9469436548909373,0.011596459617378563,0.01643685045826844,59.323286736519,51.01468139527272
0.5,1.5,2.0,1.4225881489905992,0.734695721088759,0.013389828095540577,0.006202583745123628,-48.35499497095739,56.66360031220368
0.5,1.5,3.0,1.4225881489905992,1.1020435806040167,0.013389828095540577,0.009303876222974732,-22.532492528777606,30.841097870023887
0.5,1.5,4.0,1.4225881489905992,1.4693914394342877,0.013389828095540577,0.0124051691053171,3.290009865251441,5.018595475994841
0.5,1.5,5.0,1.4225881489905992,1.8367392975803947,0.013389828095540577,0.015506462392875493,29.11251221118758,20.803906869941294
0.5,1.5,5.3,1.4225881489905992,1.9469436548909373,0.013389828095540577,0.01643685045826844,36.85926290559892,28.550657564352633
0.5409090909090909,0.5,2.0,0.618442374465403,0.7462909155359122,0.007533933412734345,0.007204534763392903,20.672668359930015,12.364063018683732
0.5409090909090909,0.5,3.0,0.618442374465403,1.1194363778626248,0.007533933412734345,0.010806799905553152,81.00900327703023,72.70039793578395
0.5409090909090909,0.5,4.0,0.618442374465403,1.4925818432338507,0.007533933412734345,0.014409063551878806,141.34533868641773,133.03673334517146
0.5409090909090909,0.5,5.0,0.618442374465403,1.8657273116536004,0.007533933412734345,0.018011325700258606,201.68167458874103,193.37306924749475
0.5409090909090909,0.5,5.3,0.618442374465403,1.9776709527745882,0.007533933412734345,0.01909200405235724,219.78257545565768,211.4739701144114
0.5409090909090909,0.7,2.0,0.823662639315188,0.7462909155359122,0.009587233362404282,0.007204534763392903,-9.393618222577684,17.702223563823967
0.5409090909090909,0.7,3.0,0.823662639315188,1.1194363778626248,0.009587233362404282,0.010806799905553152,35.909573219607225,27.60096787836094
0.5409090909090909,0.7,4.0,0.823662639315188,1.4925818432338507,0.009587233362404282,0.014409063551878806,81.21276503142323,72.90415969017695
0.5409090909090909,0.7,5.0,0.823662639315188,1.8657273116536004,0.009587233362404282,0.018011325700258606,126.51595721335727,118.20735187211099
0.5409090909090909,0.7,5.3,0.823662639315188,1.9776709527745882,0.009587233362404282,0.01909200405235724,140.1069149401834,131.79830959893712
0.5409090909090909,0.9,2.0,1.0068695648340786,0.7462909155359122,0.011291346553626482,0.007204534763392903,-25.88008004205659,34.188685383302875
0.5409090909090909,0.9,3.0,1.0068695648340786,1.1194363778626248,0.011291346553626482,0.010806799905553152,11.179880389680466,2.8712750484341836
0.5409090909090909,0.9,4.0,1.0068695648340786,1.4925818432338507,0.011291346553626482,0.014409063551878806,48.23984112379166,39.93123578254538
0.5409090909090909,0.9,5.0,1.0068695648340786,1.8657273116536004,0.011291346553626482,0.018011325700258606,85.29980216067533,76.99119681942905
0.5409090909090909,0.9,5.3,1.0068695648340786,1.9776709527745882,0.011291346553626482,0.01909200405235724,96.41779053084073,88.10918518959446
0.5409090909090909,1.2,2.0,1.2453947883543592,0.7462909155359122,0.013504511509415758,0.007204534763392903,-40.07595643450165,48.38456177574793
0.5409090909090909,1.2,3.0,1.2453947883543592,1.1194363778626248,0.013504511509415758,0.010806799905553152,-10.113934285703365,18.42253962694965
0.5409090909090909,1.2,4.0,1.2453947883543592,1.4925818432338507,0.013504511509415758,0.014409063551878806,19.848088107556613,11.53948276631033
0.5409090909090909,1.2,5.0,1.2453947883543592,1.8657273116536004,0.013504511509415758,0.018011325700258606,49.810110745600326,41.50150540435404
0.5409090909090909,1.2,5.3,1.2453947883543592,1.9776709527745882,0.013504511509415758,0.01909200405235724,58.7987175847945,50.49011224354822
0.5409090909090909,1.5,2.0,1.4475693981231417,0.7462909155359122,0.015622044701963019,0.007204534763392903,-48.44524093259211,56.75384627383839
0.5409090909090909,1.5,3.0,1.4475693981231417,1.1194363778626248,0.015622044701963019,0.010806799905553152,-22.667861083963263,30.976466425209544
0.5409090909090909,1.5,4.0,1.4475693981231417,1.4925818432338507,0.015622044701963019,0.014409063551878806,3.109518974984569,5.199086366261714
0.5409090909090909,1.5,5.0,1.4475693981231417,1.8657273116536004,0.015622044701963019,0.018011325700258606,28.88689924452844,20.57829390328216
0.5409090909090909,1.5,5.3,1.4475693981231417,1.9776709527745882,0.015622044701963019,0.01909200405235724,36.62011336649933,28.311508025253048
0.5818181818181818,0.5,2.0,0.6372005509127772,0.7612093873197481,0.008358224254287104,0.008120802764042414,19.4615080337471,11.152902692500819
0.5818181818181818,0.5,3.0,0.6372005509127772,1.1418140839134974,0.008358224254287104,0.01218120346696558,79.19226251105266,70.88365716980638
0.5818181818181818,0.5,4.0,0.6372005509127772,1.522418782467427,0.008358224254287104,0.016241603716502375,138.92301729598196,130.6144119547357
0.5818181818181818,0.5,5.0,0.6372005509127772,1.9030234829847394,0.008358224254287104,0.020302003512161975,198.65377238903764,190.34516704779136
0.5818181818181818,0.5,5.3,0.6372005509127772,2.0172048935232723,0.008358224254287104,0.02152012336228017,216.57299897711422,208.26439363586795
0.5818181818181818,0.7,2.0,0.8471779443219144,0.7612093873197481,0.010672192013256825,0.008120802764042414,-10.147638707824955,18.456244049071238
0.5818181818181818,0.7,3.0,0.8471779443219144,1.1418140839134974,0.010672192013256825,0.01218120346696558,34.778542284574144,26.46993694332786
0.5818181818181818,0.7,4.0,0.8471779443219144,1.522418782467427,0.010672192013256825,0.016241603716502375,79.70472350835087,71.39611816710459
0.5818181818181818,0.7,5.0,0.8471779443219144,1.9030234829847394,0.010672192013256825,0.020302003512161975,124.63090496388327,116.32229962263699
0.5818181818181818,0.7,5.3,0.8471779443219144,2.0172048935232723,0.010672192013256825,0.02152012336228017,138.10875944579195,129.80015410454567
0.5818181818181818,0.9,2.0,1.0339008146702955,0.7612093873197481,0.012627710947808186,0.008120802764042414,-26.375008461281368,34.68361380252765
0.5818181818181818,0.9,3.0,1.0339008146702955,1.1418140839134974,0.012627710947808186,0.01218120346696558,10.437487591845525,2.1288822505992417
0.5818181818181818,0.9,4.0,1.0339008146702955,1.522418782467427,0.012627710947808186,0.016241603716502375,47.24998383456316,38.941378493316876
0.5818181818181818,0.9,5.0,1.0339008146702955,1.9030234829847394,0.012627710947808186,0.020302003512161975,84.0624802671813,75.75387492593502
0.5818181818181818,0.9,5.3,1.0339008146702955,2.0172048935232723,0.012627710947808186,0.02152012336228017,95.10622923404372,86.79762389279745
0.5818181818181818,1.2,2.0,1.2759746245807662,0.7612093873197481,0.01522903132232264,0.008120802764042414,-40.34290552056623,48.65151086181251
0.5818181818181818,1.2,3.0,1.2759746245807662,1.1418140839134974,0.01522903132232264,0.01218120346696558,-10.514358050917238,18.822963392163523
0.5818181818181818,1.2,4.0,1.2759746245807662,1.522418782467427,0.01522903132232264,0.016241603716502375,19.314189572353946,11.005584231107663
0.5818181818181818,1.2,5.0,1.2759746245807662,1.9030234829847394,0.01522903132232264,0.020302003512161975,49.14273734949833,40.83413200825205
0.5818181818181818,1.2,5.3,1.2759746245807662,2.0172048935232723,0.01522903132232264,0.02152012336228017,58.09130171268448,49.7826963714382
0.5818181818181818,1.5,2.0,1.4803309981306083,0.7612093873197481,0.017758314853846033,0.008120802764042414,-48.578433588094924,56.88703892934121
0.5818181818181818,1.5,3.0,1.4803309981306083,1.1418140839134974,0.017758314853846033,0.01218120346696558,-22.867650183951895,31.17625552519818
0.5818181818181818,1.5,4.0,1.4803309981306083,1.522418782467427,0.017758314853846033,0.016241603716502375,2.8431333526061326,5.46547198864015
0.5818181818181818,1.5,5.0,1.4803309981306083,1.9030234829847394,0.017758314853846033,0.020302003512161975,28.55391702179551,20.24531168054923
0.5818181818181818,1.5,5.3,1.4803309981306083,2.0172048935232723,0.017758314853846033,0.02152012336228017,36.26715214844782,27.958546807201536
0.6227272727272727,0.5,2.0,0.6602826728774275,0.7783437863909363,0.009951692004407658,0.010114653715669624,17.880389470014947,9.571784128768664
0.6227272727272727,0.5,3.0,0.6602826728774275,1.167515677517309,0.009951692004407658,0.015171982237583372,76.82058389165734,68.51197855041106
0.6227272727272727,0.5,4.0,0.6602826728774275,1.5566875672668614,0.009951692004407658,0.020229311868316113,135.7607781047799,127.45217276353361
0.6227272727272727,0.5,5.0,0.6602826728774275,1.9458594556415283,0.009951692004407658,0.02528664260744182,194.70097210967566,186.39236676842938
0.6227272727272727,0.5,5.3,0.6602826728774275,2.062611021886115,0.009951692004407658,0.026803842045252123,212.38303027058393,204.07442492933765
0.6227272727272727,0.7,2.0,0.8758709042207253,0.7783437863909363,0.012872361131948498,0.010114653715669624,-11.134873570958533,19.443478912204817
0.6227272727272727,0.7,3.0,0.8758709042207253,1.167515677517309,0.012872361131948498,0.015171982237583372,33.29768940732929,24.989084066083002
0.6227272727272727,0.7,4.0,0.8758709042207253,1.5566875672668614,0.012872361131948498,0.020229311868316113,77.73025222842266,69.42164688717638
0.6227272727272727,0.7,5.0,0.8758709042207253,1.9458594556415283,0.012872361131948498,0.02528664260744182,122.1628148925425,113.85420955129622
0.6227272727272727,0.7,5.3,0.8758709042207253,2.062611021886115,0.012872361131948498,0.026803842045252123,135.49258366120168,127.1839783199554
0.6227272727272727,0.9,2.0,1.066600862952987,0.7783437863909363,0.015428105143973008,0.010114653715669624,-27.025768173858715,35.334373515105
0.6227272727272727,0.9,3.0,1.066600862952987,1.167515677517309,0.015428105143973008,0.015171982237583372,9.461347545222266,1.1527422039759827
0.6227272727272727,0.9,4.0,1.066600862952987,1.5566875672668614,0.015428105143973008,0.020229311868316113,45.948463135218375,37.63985779397209
0.6227272727272727,0.9,5.0,1.066600862952987,1.9458594556415283,0.015428105143973008,0.02528664260744182,82.43557859631102,74.12697325506474
0.6227272727272727,0.9,5.3,1.066600862952987,2.062611021886115,0.015428105143973008,0.026803842045252123,93.38171320952978,85.0731078682835
0.6227272727272727,1.2,2.0,1.3125013837051824,0.7783437863909363,0.01891290588332641,0.010114653715669624,-40.697678794541375,49.00628413578766
0.6227272727272727,1.2,3.0,1.3125013837051824,1.167515677517309,0.01891290588332641,0.015171982237583372,-11.046518349457262,19.355123690703543
0.6227272727272727,1.2,4.0,1.3125013837051824,1.5566875672668614,0.01891290588332641,0.020229311868316113,18.604641990726368,10.296036649480085
0.6227272727272727,1.2,5.0,1.3125013837051824,1.9458594556415283,0.01891290588332641,0.02528664260744182,48.25580222615692,39.94719688491064
0.6227272727272727,1.2,5.3,1.3125013837051824,2.062611021886115,0.01891290588332641,0.026803842045252123,57.15115027638129,48.842544935135
0.6227272727272727,1.5,2.0,1.5189964770759483,0.7783437863909363,0.02228644516262136,0.010114653715669624,-48.75934222775555,57.06794756900184
0.6227272727272727,1.5,3.0,1.5189964770759483,1.167515677517309,0.02228644516262136,0.015171982237583372,-23.139013477847957,31.447618819094238
0.6227272727272727,1.5,4.0,1.5189964770759483,1.5566875672668614,0.02228644516262136,0.020229311868316113,2.4813151814195145,5.827290159826768
0.6227272727272727,1.5,5.0,1.5189964770759483,1.9458594556415283,0.02228644516262136,0.02528664260744182,28.101643750174233,19.79303840892795
0.6227272727272727,1.5,5.3,1.5189964770759483,2.062611021886115,0.02228644516262136,0.026803842045252123,35.787742303169715,27.47913696192343
0.6636363636363636,0.5,2.0,0.6846781664861649,0.7952528074195993,0.01084612436883181,0.011419418549498534,16.14987104100518,7.841265699758898
0.6636363636363636,0.5,3.0,0.6846781664861649,1.1928792096296585,0.01084612436883181,0.017129127008356615,74.22480634246466,65.91620100121838
0.6636363636363636,0.5,4.0,0.6846781664861649,1.590505610841529,0.01084612436883181,0.0228388349237612,132.29974149813467,123.99113615688839
0.6636363636363636,0.5,5.0,0.6846781664861649,1.9881320110564402,0.01084612436883181,0.028548542296068808,190.37467650819474,182.06607116694846
0.6636363636363636,0.5,5.3,0.6846781664861649,2.10741993092669,0.01084612436883181,0.030261454401910314,207.79715698284568,199.4885516415994
0.6636363636363636,0.7,2.0,0.9059729098048795,0.7952528074195993,0.014107794614031005,0.011419418549498534,-12.221127275110932,20.529732616357215
0.6636363636363636,0.7,3.0,0.9059729098048795,1.1928792096296585,0.014107794614031005,0.017129127008356615,31.6683089217944,23.359703580548114
0.6636363636363636,0.7,4.0,0.9059729098048795,1.590505610841529,0.014107794614031005,0.0228388349237612,75.55774500852107,67.24913966727479
0.6636363636363636,0.7,5.0,0.9059729098048795,1.9881320110564402,0.014107794614031005,0.028548542296068808,119.44718098520481,111.13857564395853
0.6636363636363636,0.7,5.3,0.9059729098048795,2.10741993092669,0.014107794614031005,0.030261454401910314,132.6140117567718,124.30540641552551
0.6636363636363636,0.9,2.0,1.1006600476145871,0.7952528074195993,0.017035229306217804,0.011419418549498534,-27.74764477523135,36.056250116477635
0.6636363636363636,0.9,3.0,1.1006600476145871,1.1928792096296585,0.017035229306217804,0.017129127008356615,8.378532700894704,0.06992735964842112
0.6636363636363636,0.9,4.0,1.1006600476145871,1.590505610841529,0.017035229306217804,0.0228388349237612,44.50471008633073,36.19610474508445
0.6636363636363636,0.9,5.0,1.1006600476145871,1.9881320110564402,0.017035229306217804,0.028548542296068808,80.63088738118847,72.3222820399422
0.6636363636363636,0.9,5.3,1.1006600476145871,2.10741993092669,0.017035229306217804,0.030261454401910314,91.4687405519997,83.16013521075342
0.6636363636363636,1.2,2.0,1.350172480869269,0.7952528074195993,0.02115462481137677,0.011419418549498534,-41.099909923538135,49.40851526478442
0.6636363636363636,1.2,3.0,1.350172480869269,1.1928792096296585,0.02115462481137677,0.017129127008356615,-11.649864996384892,19.958470337631177
0.6636363636363636,1.2,4.0,1.350172480869269,1.590505610841529,0.02115462481137677,0.0228388349237612,17.800179856837886,9.491574515591603
0.6636363636363636,1.2,5.0,1.350172480869269,1.9881320110564402,0.02115462481137677,0.028548542296068808,47.25022463622127,38.941619294974984
0.6636363636363636,1.2,5.3,1.350172480869269,2.10741993092669,0.02115462481137677,0.030261454401910314,56.085238055651196,47.77663271440491
0.6636363636363636,1.5,2.0,1.5585353921890832,0.7952528074195993,0.025241583014156858,0.011419418549498534,-48.9743504443229,57.282955785569186
0.6636363636363636,1.5,3.0,1.5585353921890832,1.1928792096296585,0.025241583014156858,0.017129127008356615,-23.4615257627119,31.770131103958185
0.6636363636363636,1.5,4.0,1.5585353921890832,1.590505610841529,0.025241583014156858,0.0228388349237612,2.0512988548525115,6.257306486393771
0.6636363636363636,1.5,5.0,1.5585353921890832,1.9881320110564402,0.025241583014156858,0.028548542296068808,27.564123408449227,19.255518067202942
0.6636363636363636,1.5,5.3,1.5585353921890832,2.10741993092669,0.025241583014156858,0.030261454401910314,35.217970762066315,26.90936542082003
0.7045454545454545,0.5,2.0,0.7162277825241498,0.8155749785291019,0.01304853377475418,0.013480790760845447,13.870893929139413,5.56228858789313
0.7045454545454545,0.5,3.0,0.7162277825241498,1.2233624687354552,0.01304853377475418,0.020221182953180785,70.80634102520392,62.497735683957636
0.7045454545454545,0.5,4.0,0.7162277825241498,1.631149959572155,0.01304853377475418,0.026961573018026774,127.74178820927766,119.43318286803138
0.7045454545454545,0.5,5.0,0.7162277825241498,2.038937451041063,0.01304853377475418,0.03370196095380752,184.67723548162053,176.36863014037425
0.7045454545454545,0.5,5.3,0.7162277825241498,2.161273698605294,0.01304853377475418,0.03572407691913841,201.75786968057471,193.44926433932844
0.7045454545454545,0.7,2.0,0.9446220132692815,0.8155749785291019,0.016976440200601156,0.013480790760845447,-13.661235174221211,21.969840515467496
0.7045454545454545,0.7,3.0,0.9446220132692815,1.2233624687354552,0.016976440200601156,0.020221182953180785,29.50814733836969,21.199541997123404
0.7045454545454545,0.7,4.0,0.9446220132692815,1.631149959572155,0.016976440200601156,0.026961573018026774,72.67752991769062,64.36892457644434
0.7045454545454545,0.7,5.0,0.9446220132692815,2.038937451041063,0.016976440200601156,0.03370196095380752,115.84691256393864,107.53830722269237
0.7045454545454545,0.7,5.3,0.9446220132692815,2.161273698605294,0.016976440200601156,0.03572407691913841,128.79772737089328,120.489122029647
0.7045454545454545,0.9,2.0,1.1440984257628544,0.8155749785291019,0.020486289876540473,0.013480790760845447,-28.71461404334175,37.02321938458803
0.7045454545454545,0.9,3.0,1.1440984257628544,1.2233624687354552,0.020486289876540473,0.020221182953180785,6.928079017305672,1.380526323940611
0.7045454545454545,0.9,4.0,1.1440984257628544,1.631149959572155,0.020486289876540473,0.026961573018026774,42.57077213304858,34.262166791802294
0.7045454545454545,0.9,5.0,1.1440984257628544,2.038937451041063,0.020486289876540473,0.03370196095380752,78.21346530404966,69.90485996280339
0.7045454545454545,0.9,5.3,1.1440984257628544,2.161273698605294,0.020486289876540473,0.03572407691913841,88.90627326614965,80.59766792490338
0.7045454545454545,1.2,2.0,1.3978162060757824,0.8155749785291019,0.025367630491636387,0.013480790760845447,-41.65363264611588,49.962237987362165
0.7045454545454545,1.2,3.0,1.3978162060757824,1.2233624687354552,0.025367630491636387,0.020221182953180785,-12.480448901797123,20.789054243043406
0.7045454545454545,1.2,4.0,1.3978162060757824,1.631149959572155,0.025367630491636387,0.026961573018026774,16.692734887616727,8.384129546370444
0.7045454545454545,1.2,5.0,1.3978162060757824,2.038937451041063,0.025367630491636387,0.03370196095380752,45.86591872225885,37.55731338101256
0.7045454545454545,1.2,5.3,1.3978162060757824,2.161273698605294,0.025367630491636387,0.03572407691913841,54.617873881490894,46.30926854024461
0.7045454545454545,1.5,2.0,1.608225543162071,0.8155749785291019,0.030122566610604494,0.013480790760845447,-49.287276153720974,57.59588149496726
0.7045454545454545,1.5,3.0,1.608225543162071,1.2233624687354552,0.030122566610604494,0.020221182953180785,-23.93091417201988,32.23951951326616
0.7045454545454545,1.5,4.0,1.608225543162071,1.631149959572155,0.030122566610604494,0.026961573018026774,1.4254478488763749,6.883157492369908
0.7045454545454545,1.5,5.0,1.608225543162071,2.038937451041063,0.030122566610604494,0.03370196095380752,26.781809909083538,18.473204567837257
0.7045454545454545,1.5,5.3,1.608225543162071,2.161273698605294,0.030122566610604494,0.03572407691913841,34.38871853482861,26.080113193582328
0.7454545454545454,0.5,2.0,0.7546184214153672,0.8388188243398289,0.013445701468463127,0.013847801843539216,11.158010530214055,2.849405188967772
0.7454545454545454,0.5,3.0,0.7546184214153672,1.2582282398907376,0.013445701468463127,0.020771698834208943,66.73701624336134,58.428410902115054
0.7454545454545454,0.5,4.0,0.7546184214153672,1.6776376577030088,0.013445701468463127,0.02769559320132149,122.31602225617826,114.00741691493198
0.7454545454545454,0.5,5.0,0.7546184214153672,2.097047077782176,0.013445701468463127,0.03461948494275632,177.89502856939816,169.5864232281519
0.7454545454545454,0.5,5.3,0.7546184214153672,2.222869904248799,0.013445701468463127,0.036696651952862,194.56873052205245,186.26012518080617
0.7454545454545454,0.7,2.0,0.9914147708361,0.8388188243398289,0.01732856770210915,0.013847801843539216,-15.391736232412672,23.700341573658953
0.7454545454545454,0.7,3.0,0.9914147708361,1.2582282398907376,0.01732856770210915,0.020771698834208943,26.912395992408218,18.603790651161937
0.7454545454545454,0.7,4.0,0.9914147708361,1.6776376577030088,0.01732856770210915,0.02769559320132149,69.21652844532359,60.907923104077305
0.7454545454545454,0.7,5.0,0.9914147708361,2.097047077782176,0.01732856770210915,0.03461948494275632,111.52066112689161,103.21205578564533
0.7454545454545454,0.7,5.3,0.9914147708361,2.222869904248799,0.01732856770210915,0.036696651952862,124.21190097603281,115.90329563478653
0.7454545454545454,0.9,2.0,1.19650060682201,0.8388188243398289,0.02082247014061063,0.013847801843539216,-29.8939908966874,38.20259623793368
0.7454545454545454,0.9,3.0,1.19650060682201,1.2582282398907376,0.02082247014061063,0.020771698834208943,5.159013937542453,3.1495914037038295
0.7454545454545454,0.9,4.0,1.19650060682201,1.6776376577030088,0.02082247014061063,0.02769559320132149,40.21201896077032,31.903413619524038
0.7454545454545454,0.9,5.0,1.19650060682201,2.097047077782176,0.02082247014061063,0.03461948494275632,75.2650241734587,66.95641883221242
0.7454545454545454,0.9,5.3,1.19650060682201,2.222869904248799,0.02082247014061063,0.036696651952862,85.78092577427923,77.47232043303295
0.7454545454545454,1.2,2.0,1.455167727177495,0.8388188243398289,0.025840993105770368,0.013847801843539216,-42.355866703638526,50.66447204488481
0.7454545454545454,1.2,3.0,1.455167727177495,1.2582282398907376,0.025840993105770368,0.020771698834208943,-13.533799823113831,21.842405164360116
0.7454545454545454,1.2,4.0,1.455167727177495,1.6776376577030088,0.025840993105770368,0.02769559320132149,15.288267212813048,6.9796618715667655
0.7454545454545454,1.2,5.0,1.455167727177495,2.097047077782176,0.025840993105770368,0.03461948494275632,44.1103344045224,35.80172906327611
0.7454545454545454,1.2,5.3,1.455167727177495,2.222869904248799,0.025840993105770368,0.036696651952862,52.75695459246968,44.4483492512234
0.7454545454545454,1.5,2.0,1.668123843671832,0.8388188243398289,0.03094456641145331,0.013847801843539216,-49.714835171144,58.02344051239029
0.7454545454545454,1.5,3.0,1.668123843671832,1.2582282398907376,0.03094456641145331,0.020771698834208943,-24.57225255403355,32.88085789527983
0.7454545454545454,1.5,4.0,1.668123843671832,1.6776376577030088,0.03094456641145331,0.02769559320132149,0.5703301986401217,7.738275142606161
0.7454545454545454,1.5,5.0,1.668123843671832,2.097047077782176,0.03094456641145331,0.03461948494275632,25.712913087208754,17.40430774596247
0.7454545454545454,1.5,5.3,1.668123843671832,2.222869904248799,0.03094456641145331,0.036696651952862,33.255687980328496,24.94708263908221
0.7863636363636364,0.5,2.0,0.8043824053716783,0.8646082166745666,0.013944118095903141,0.0162742722207825,7.487211418437223,0.8213939228090599
0.7863636363636364,0.5,3.0,0.8043824053716783,1.2969123173784896,0.013944118095903141,0.024411410069412078,61.23081617868428,52.922210837437994
0.7863636363636364,0.5,4.0,0.8043824053716783,1.7292164129949252,0.013944118095903141,0.03254854907681854,114.97442030646008,106.6658149652138
0.7863636363636364,0.5,5.0,0.8043824053716783,2.16152050352494,0.013944118095903141,0.04068568924296514,168.71802380189723,160.40941846065095
0.7863636363636364,0.5,5.3,0.8043824053716783,2.2912117296922516,0.013944118095903141,0.04312683151875812,184.84110472724214,176.53249938599586
0.7863636363636364,0.7,2.0,1.0512008612688866,0.8646082166745666,0.01838781535231164,0.0162742722207825,-17.750427294084144,26.059032635330425
0.7863636363636364,0.7,3.0,1.0512008612688866,1.2969123173784896,0.01838781535231164,0.024411410069412078,23.37435833271758,15.065752991471298
0.7863636363636364,0.7,4.0,1.0512008612688866,1.7292164129949252,0.01838781535231164,0.03254854907681854,64.49914347555021,56.19053813430393
0.7863636363636364,0.7,5.0,1.0512008612688866,2.16152050352494,0.01838781535231164,0.04068568924296514,105.62392813451518,97.3153227932689
0.7863636363636364,0.7,5.3,1.0512008612688866,2.2912117296922516,0.01838781535231164,0.04312683151875812,117.96136343786563,109.65275809661935
0.7863636363636364,0.9,2.0,1.262548679360506,0.8646082166745666,0.022646845337234732,0.0162742722207825,-31.51882134853608,39.827426689782364
0.7863636363636364,0.9,3.0,1.262548679360506,1.2969123173784896,0.022646845337234732,0.024411410069412078,2.721767372596597,5.586837968649686
0.7863636363636364,0.9,4.0,1.262548679360506,1.7292164129949252,0.022646845337234732,0.03254854907681854,36.96235569077552,28.653750349529233
0.7863636363636364,0.9,5.0,1.262548679360506,2.16152050352494,0.022646845337234732,0.04068568924296514,71.20294360608513,62.894338264838844
0.7863636363636364,0.9,5.3,1.262548679360506,2.2912117296922516,0.022646845337234732,0.04312683151875812,81.47511990213114,73.16651456088486
0.7863636363636364,1.2,2.0,1.5261655377479877,0.8646082166745666,0.029064484258510253,0.0162742722207825,-43.34767787048948,51.65628321173576
0.7863636363636364,1.2,3.0,1.5261655377479877,1.2969123173784896,0.029064484258510253,0.024411410069412078,-15.021517305900156,23.33012264714644
0.7863636363636364,1.2,4.0,1.5261655377479877,1.7292164129949252,0.029064484258510253,0.03254854907681854,13.304642925338214,4.9960375840919315
0.7863636363636364,1.2,5.0,1.5261655377479877,2.16152050352494,0.029064484258510253,0.04068568924296514,41.6308028232955,33.32219748204921
0.7863636363636364,1.2,5.3,1.5261655377479877,2.2912117296922516,0.029064484258510253,0.04312683151875812,50.12865072770332,41.82004538645703
0.7863636363636364,1.5,2.0,1.7411555324133168,0.8646082166745666,0.035696384485319456,0.0162742722207825,-50.34284987302758,58.65145521427387
0.7863636363636364,1.5,3.0,1.7411555324133168,1.2969123173784896,0.035696384485319456,0.024411410069412078,-25.514275247949097,33.82288058919538
0.7863636363636364,1.5,4.0,1.7411555324133168,1.7292164129949252,0.035696384485319456,0.03254854907681854,-0.6857009150608967,8.99430625630718
0.7863636363636364,1.5,5.0,1.7411555324133168,2.16152050352494,0.035696384485319456,0.04068568924296514,24.14287312569826,15.834267784451976
0.7863636363636364,1.5,5.3,1.7411555324133168,2.2912117296922516,0.035696384485319456,0.04312683151875812,31.59144528097,23.282839939723715
0.8272727272727272,0.5,2.0,0.8673885141820946,0.8936411352092976,0.017207718421772468,0.020600835891345166,3.026627698887377,5.281977642358906
0.8272727272727272,0.5,3.0,0.8673885141820946,1.3404617044034055,0.017207718421772468,0.03090125450414226,54.53994173157758,46.23133639033129
0.8272727272727272,0.5,4.0,0.8673885141820946,1.7872822746651706,0.017207718421772468,0.04120167355981783,106.05325588735646,97.74465054611018
0.8272727272727272,0.5,5.0,0.8673885141820946,2.2341028460006216,0.017207718421772468,0.05150209305696542,157.56657016691906,149.2579648256728
0.8272727272727272,0.5,5.3,0.8673885141820946,2.3681490176115267,0.017207718421772468,0.05459221899198614,173.02056447502957,164.7119591337833
0.8272727272727272,0.7,2.0,1.1262000416658362,0.8936411352092976,0.02283281568291127,0.020600835891345166,-20.649875497477833,28.958480838724114
0.8272727272727272,0.7,3.0,1.1262000416658362,1.3404617044034055,0.02283281568291127,0.03090125450414226,19.02518689491796,10.716581553671679
0.8272727272727272,0.7,4.0,1.1262000416658362,1.7872822746651706,0.02283281568291127,0.04120167355981783,58.70024938211549,50.3916440408692
0.8272727272727272,0.7,5.0,1.1262000416658362,2.2341028460006216,0.02283281568291127,0.05150209305696542,98.37531196465007,90.06670662340379
0.8272727272727272,0.7,5.3,1.1262000416658362,2.3681490176115267,0.02283281568291127,0.05459221899198614,110.27783075808118,101.9692254168349
0.8272727272727272,0.9,2.0,1.3448837095063086,0.8936411352092976,0.02830937463241981,0.020600835891345166,-33.55253477363162,41.861140114877905
0.8272727272727272,0.9,3.0,1.3448837095063086,1.3404617044034055,0.02830937463241981,0.03090125450414226,-0.3288020422618105,8.637407383508092
0.8272727272727272,0.9,4.0,1.3448837095063086,1.7872822746651706,0.02830937463241981,0.04120167355981783,32.89493076849458,24.586325427248298
0.8272727272727272,0.9,5.0,1.3448837095063086,2.2341028460006216,0.02830937463241981,0.05150209305696542,66.11866365908583,57.81005831783954
0.8272727272727272,0.9,5.3,1.3448837095063086,2.3681490176115267,0.02830937463241981,0.05459221899198614,76.085783541898,67.77717820065172
0.8272727272727272,1.2,2.0,1.6143509326474332,0.8936411352092976,0.03661898022252947,0.020600835891345166,-44.643936015585986,52.95254135683227
0.8272727272727272,1.2,3.0,1.6143509326474332,1.3404617044034055,0.03661898022252947,0.03090125450414226,-16.96590392492088,25.274509266167165
0.8272727272727272,1.2,4.0,1.6143509326474332,1.7872822746651706,0.03661898022252947,0.04120167355981783,10.712128231879605,2.4035228906333224
0.8272727272727272,1.2,5.0,1.6143509326474332,2.2341028460006216,0.03661898022252947,0.05150209305696542,38.39016045518891,30.081555113942628
0.8272727272727272,1.2,5.3,1.6143509326474332,2.3681490176115267,0.03661898022252947,0.05459221899198614,46.69357013520675,38.384964793960464
0.8272727272727272,1.5,2.0,1.83204734800871,0.8936411352092976,0.045175681950106135,0.020600835891345166,-51.22172272563728,59.53032806688356
0.8272727272727272,1.5,3.0,1.83204734800871,1.3404617044034055,0.045175681950106135,0.03090125450414226,-26.832584001697285,35.14118934294357
0.8272727272727272,1.5,4.0,1.83204734800871,1.7872822746651706,0.045175681950106135,0.04120167355981783,-2.443445219480571,10.752050560726854
0.8272727272727272,1.5,5.0,1.83204734800871,2.2341028460006216,0.045175681950106135,0.05150209305696542,21.94569362134193,13.637088280095648
0.8272727272727272,1.5,5.3,1.83204734800871,2.3681490176115267,0.045175681950106135,0.05459221899198614,29.262435285066,20.95382994381972
0.8681818181818182,0.5,2.0,0.9609546839041684,0.928091482351626,0.020784237041672506,0.025416408820601245,-3.4198492502295466,11.72845459147583
0.8681818181818182,0.5,3.0,0.9609546839041684,1.3921372212561893,0.020784237041672506,0.03812461389081769,44.87022588830222,36.56162054705594
0.8681818181818182,0.5,4.0,0.9609546839041684,1.8561829586469485,0.020784237041672506,0.050832819400751454,93.16030086930272,84.85169552805644
0.8681818181818182,0.5,5.0,0.9609546839041684,2.3202286945241744,0.020784237041672506,0.06354102535023255,141.4503756928001,133.14177035155382
0.8681818181818182,0.5,5.3,0.9609546839041684,2.459442414992244,0.020784237041672506,0.06735348722076306,155.93739810914045,147.62879276789417
0.8681818181818182,0.7,2.0,1.2356403463791008,0.928091482351626,0.027320594572321423,0.025416408820601245,-24.889836668793695,33.198442010039976
0.8681818181818182,0.7,3.0,1.2356403463791008,1.3921372212561893,0.027320594572321423,0.03812461389081769,12.665244812997914,4.356639471751631
0.8681818181818182,0.7,4.0,1.2356403463791008,1.8561829586469485,0.027320594572321423,0.050832819400751454,50.22032617227781,41.91172083103152
0.8681818181818182,0.7,5.0,1.2356403463791008,2.3202286945241744,0.027320594572321423,0.06354102535023255,87.77540740906791,79.46680206782163
0.8681818181818182,0.7,5.3,1.2356403463791008,2.459442414992244,0.027320594572321423,0.06735348722076306,99.04193175622271,90.73332641497643
0.8681818181818182,0.9,2.0,1.4634206433620385,0.928091482351626,0.03383444859360127,0.025416408820601245,-36.58067579124455,44.88928113249084
0.8681818181818182,0.9,3.0,1.4634206433620385,1.3921372212561893,0.03383444859360127,0.03812461389081769,-4.871013842068251,13.179619183314534
0.8681818181818182,0.9,4.0,1.4634206433620385,1.8561829586469485,0.03383444859360127,0.050832819400751454,26.838648003665188,18.530042662418907
0.8681818181818182,0.9,5.0,1.4634206433620385,2.3202286945241744,0.03383444859360127,0.06354102535023255,58.54830974597428,50.239704404727995
0.8681818181818182,0.9,5.3,1.4634206433620385,2.459442414992244,0.03383444859360127,0.06735348722076306,68.06120824850204,59.752602907255756
0.8681818181818182,1.2,2.0,1.7396957210731245,0.928091482351626,0.04399839166291179,0.025416408820601245,-46.65207995228405,54.96068529353033
0.8681818181818182,1.2,3.0,1.7396957210731245,1.3921372212561893,0.04399839166291179,0.03812461389081769,-19.97812005898049,28.28672540022677
0.8681818181818182,1.2,4.0,1.7396957210731245,1.8561829586469485,0.04399839166291179,0.050832819400751454,6.695839747307606,1.6127655939386765
0.8681818181818182,1.2,5.0,1.7396957210731245,2.3202286945241744,0.04399839166291179,0.06354102535023255,33.369799466595815,25.06119412534953
0.8681818181818182,1.2,5.3,1.7396957210731245,2.459442414992244,0.04399839166291179,0.06735348722076306,41.37198736541964,33.06338202417336
0.8681818181818182,1.5,2.0,1.9604248402465128,0.928091482351626,0.054657292746367145,0.025416408820601245,-52.65865524153818,60.96726058278446
0.8681818181818182,1.5,3.0,1.9604248402465128,1.3921372212561893,0.054657292746367145,0.03812461389081769,-28.98798297816224,37.29658831940852
0.8681818181818182,1.5,4.0,1.9604248402465128,1.8561829586469485,0.054657292746367145,0.050832819400751454,-5.317310792004473,13.625916133250755
0.8681818181818182,1.5,5.0,1.9604248402465128,2.3202286945241744,0.054657292746367145,0.06354102535023255,18.353361316948945,10.044755975702662
0.8681818181818182,1.5,5.3,1.9604248402465128,2.459442414992244,0.054657292746367145,0.06735348722076306,25.4545629345822,17.145957593335915
0.909090909090909,0.5,2.0,1.0996055222770802,0.9619549666316892,0.035935069223599375,0.03865203253382915,-12.51817609649159,20.82678143773787
0.909090909090909,0.5,3.0,1.0996055222770802,1.4429324401093027,0.035935069223599375,0.057978042497382386,31.22273496055711,22.914129619310827
0.909090909090909,0.5,4.0,1.0996055222770802,1.9239099070283183,0.035935069223599375,0.0773040482584968,74.96364542115575,66.65504007990947
0.909090909090909,0.5,5.0,1.0996055222770802,2.404887367388905,0.035935069223599375,0.09663004981702415,118.70455528531969,110.39594994407341
0.909090909090909,0.5,5.3,1.0996055222770802,2.549180604218213,0.035935069223599375,0.1024278494650557,131.8268281282664,123.51822278702014
0.909090909090909,0.7,2.0,1.393377061808614,0.9619549666316892,0.04554505390465286,0.03865203253382915,-30.962336542050984,39.27094188329727
0.909090909090909,0.7,3.0,1.393377061808614,1.4429324401093027,0.04554505390465286,0.057978042497382386,3.5564944808525345,4.752110860393748
0.909090909090909,0.7,4.0,1.393377061808614,1.9239099070283183,0.04554505390465286,0.0773040482584968,38.075325033058064,29.76671969181178
0.909090909090909,0.7,5.0,1.393377061808614,2.404887367388905,0.04554505390465286,0.09663004981702415,72.59415511457773,64.28554977333145
0.909090909090909,0.7,5.3,1.393377061808614,2.549180604218213,0.04554505390465286,0.1024278494650557,82.94980404725172,74.64119870600544
0.909090909090909,0.9,2.0,1.6308179941180059,0.9619549666316892,0.054969320904514354,0.03865203253382915,-41.01395924614245,49.32256458738873
0.909090909090909,0.9,3.0,1.6308179941180059,1.4429324401093027,0.054969320904514354,0.057978042497382386,-11.520939472483391,19.829544813729676
0.909090909090909,0.9,4.0,1.6308179941180059,1.9239099070283183,0.054969320904514354,0.0773040482584968,17.972079899009525,9.663474557763243
0.909090909090909,0.9,5.0,1.6308179941180059,2.404887367388905,0.054969320904514354,0.09663004981702415,47.46509886834666,39.15649352710037
0.909090909090909,0.9,5.3,1.6308179941180059,2.549180604218213,0.054969320904514354,0.1024278494650557,56.31300448072898,48.00439913948269
0.909090909090909,1.2,2.0,1.9133486176292431,0.9619549666316892,0.0697356050499366,0.03865203253382915,-49.72400963585974,58.03261497710602
0.909090909090909,1.2,3.0,1.9133486176292431,1.4429324401093027,0.0697356050499366,0.057978042497382386,-24.586014967978763,32.89462030922505
0.909090909090909,1.2,4.0,1.9133486176292431,1.9239099070283183,0.0697356050499366,0.0773040482584968,0.5519793571210917,7.756625984125191
0.909090909090909,1.2,5.0,1.9133486176292431,2.404887367388905,0.0697356050499366,0.09663004981702415,25.689973339448656,17.38136799820237
0.909090909090909,1.2,5.3,1.9133486176292431,2.549180604218213,0.0697356050499366,0.1024278494650557,33.23137146730766,24.922766126061376
0.909090909090909,1.5,2.0,2.1364303148323884,0.9619549666316892,0.08533630996583494,0.03865203253382915,-54.97372603481529,63.28233137606158
0.909090909090909,1.5,3.0,2.1364303148323884,1.4429324401093027,0.08533630996583494,0.057978042497382386,-32.460589512721526,40.76919485396781
0.909090909090909,1.5,4.0,2.1364303148323884,1.9239099070283183,0.08533630996583494,0.0773040482584968,-9.947453297616365,18.256058638862648
0.909090909090909,1.5,5.0,2.1364303148323884,2.404887367388905,0.08533630996583494,0.09663004981702415,12.56568261050809,4.257077269261806
0.909090909090909,1.5,5.3,2.1364303148323884,2.549180604218213,0.08533630996583494,0.1024278494650557,19.319623323085384,11.011017981839101
0.95,0.5,2.0,1.359193826795508,0.9956901833712036,0.05813682432593655,0.06835630570256972,-26.744062271185832,35.05266761243212
0.95,0.5,3.0,1.359193826795508,1.4935352613180157,0.05813682432593655,0.10253445330230404,9.883905582416952,1.5753002411706696
0.95,0.5,4.0,1.359193826795508,1.991380330105638,0.05813682432593655,0.1367125974010098,46.511872762150446,38.20326742090416
0.95,0.5,5.0,1.359193826795508,2.4892253897340733,0.05813682432593655,0.1708907379986912,83.13983926801484,74.83123392676856
0.95,0.5,5.3,1.359193826795508,2.6385789058365625,0.05813682432593655,0.18114417949529635,94.1282290883697,85.81962374712342
0.95,0.7,2.0,1.6780285901467495,0.9956901833712036,0.07351935663730011,0.06835630570256972,-40.66309780311151,48.9717031443578
0.95,0.7,3.0,1.6780285901467495,1.4935352613180157,0.07351935663730011,0.10253445330230404,-10.994647523413127,19.30325286465941
0.95,0.7,4.0,1.6780285901467495,1.991380330105638,0.07351935663730011,0.1367125974010098,18.67380221045488,10.365196869208598
0.95,0.7,5.0,1.6780285901467495,2.4892253897340733,0.07351935663730011,0.1708907379986912,48.34225139849266,40.03364605724637
0.95,0.7,5.3,1.6780285901467495,2.6385789058365625,0.07351935663730011,0.18114417949529635,57.24278604846712,48.93418070722083
0.95,0.9,2.0,1.9266895185086592,0.9956901833712036,0.08999871989396664,0.06835630570256972,-48.32119167067921,56.6297970119255
0.95,0.9,3.0,1.9266895185086592,1.4935352613180157,0.08999871989396664,0.10253445330230404,-22.481788219096327,30.790393560342608
0.95,0.9,4.0,1.9266895185086592,1.991380330105638,0.08999871989396664,0.1367125974010098,3.3576147571017225,4.95099058414456
0.95,0.9,5.0,1.9266895185086592,2.4892253897340733,0.08999871989396664,0.1708907379986912,29.19701725791507,20.888411916668787
0.95,0.9,5.3,1.9266895185086592,2.6385789058365625,0.08999871989396664,0.18114417949529635,36.94883791545907,28.64023257421279
0.95,1.2,2.0,2.2166239976892657,0.9956901833712036,0.11687497444369323,0.06835630570256972,-55.0807812056006,63.389386546846886
0.95,1.2,3.0,2.2166239976892657,1.4935352613180157,0.11687497444369323,0.10253445330230404,-32.62117242820788,40.92977776945416
0.95,1.2,4.0,2.2166239976892657,1.991380330105638,0.11687497444369323,0.1367125974010098,-10.161564064019622,18.470169405265906
0.95,1.2,5.0,2.2166239976892657,2.4892253897340733,0.11687497444369323,0.1708907379986912,12.298043886964264,3.989438545717981
0.95,1.2,5.3,2.2166239976892657,2.6385789058365625,0.11687497444369323,0.18114417949529635,19.035926191684585,10.727320850438302
0.95,1.5,2.0,2.44369600281331,0.9956901833712036,0.14547255755133376,0.06835630570256972,-59.25474436161808,67.56334970286436
0.95,1.5,3.0,2.44369600281331,1.4935352613180157,0.14547255755133376,0.10253445330230404,-38.88211710464067,47.190722445886955
0.95,1.5,4.0,2.44369600281331,1.991380330105638,0.14547255755133376,0.1367125974010098,-18.509490222472134,26.818095563718416
0.95,1.5,5.0,2.44369600281331,2.4892253897340733,0.14547255755133376,0.1708907379986912,1.8631362848876183,6.4454690563586645
0.95,1.5,5.3,2.44369600281331,2.6385789058365625,0.14547255755133376,0.18114417949529635,7.974924164007841,0.33368117723844204
